vehicle_num,type,branch_name,user_name,start_datetime,end_datetime,start_km,end_km,purpose,memo,expense_date,expense_type,amount
128하2697,운행,동대문점,윤신,2026-06-26 10:00,2026-06-26 10:08,69729,69732,일반업무용,,,,
128하2697,운행,동대문점,유진희,2026-06-26 16:30,2026-06-29 09:00,69732,69777,일반업무용,회식참석,,,
128하2697,운행,동대문점,주찬민,2026-06-19 14:40,2026-06-19 14:50,69777,69779,일반업무용,우체국,,,
128하2697,운행,동대문점,박영훈,2026-06-29 17:00,2026-06-30 09:30,69779,69793,일반업무용,미팅,,,
128하2697,운행,동대문점,유진희,2026-06-30 13:30,2026-06-30 14:50,69793,69801,일반업무용,김한주,,,
128하2697,운행,동대문점,박준호,2026-07-06 10:00,2026-07-06 14:15,69801,69879,일반업무용,,,,
128하2697,운행,동대문점,박준호,2026-07-06 20:00,2026-07-07 14:00,69879,69962,일반업무용,시흥 계약,,,
128하2697,운행,동대문점,주찬민,2026-07-09 14:30,2026-07-09 14:50,69962,69970,일반업무용,우체국,,,
128하2697,운행,동대문점,박준호,2026-07-09 15:30,2026-07-09 16:20,69970,70001,일반업무용,수락산,,,
128하2697,운행,동대문점,박영훈,2026-07-10 14:00,2026-07-13 09:00,70001,70138,일반업무용,인도,,,
128하2697,운행,동대문점,박영훈,2026-07-15 15:00,2026-07-15 15:25,70138,70142,일반업무용,우체국,,,
128하2697,운행,동대문점,박준호,2026-07-16 15:28,2026-07-16 15:46,70142,70144,일반업무용,우체국,,,
128하2697,운행,동대문점,박준호,2026-07-22 15:10,2026-07-22 15:40,70144,70147,일반업무용,우체국,,,
128하2697,운행,동대문점,박영훈,2026-07-27 14:00,2026-07-27 14:20,70147,70150,일반업무용,우체국,,,
128하2697,운행,동대문점,유진희,2026-07-27 16:00,2026-07-28 08:45,70150,70173,일반업무용,김한주,,,
128하2697,운행,동대문점,박영훈,2026-07-28 14:00,2026-07-29 09:00,70173,70249,일반업무용,인도,,,
128하2697,운행,동대문점,박영훈,2026-07-30 12:30,2026-07-31 09:00,70249,70378,일반업무용,인도,,,
128하2697,운행,동대문점,유진희,2026-07-31 12:20,2026-07-31 13:47,70378,70385,일반업무용,,,,
128하2697,운행,동대문점,박영훈,2026-07-31 15:30,2026-07-31 15:50,70385,70388,일반업무용,우체국,,,
128하2697,운행,동대문점,윤신,2026-08-03 00:00,2026-08-03 00:00,70388,70390,일반업무용,우체국,,,
128하2697,운행,동대문점,박영훈,2026-08-04 09:30,2026-08-04 11:40,70390,70433,일반업무용,임판반납,,,
128하2697,운행,동대문점,유진희,2026-08-05 15:30,2026-08-05 17:15,70433,70449,일반업무용,김한주,,,
128하2697,운행,동대문점,윤신,2026-08-06 12:20,2026-08-06 14:00,70449,70481,일반업무용,계약,,,
128하2697,운행,동대문점,박영훈,2026-08-07 08:00,2026-08-07 12:30,70481,70528,일반업무용,인도,,,
128하2697,지출/정비,동대문점,유진희,,,,,,,2026-06-26,주유비,30000
128하2697,지출/정비,동대문점,박준호,,,,,,,2026-07-06,주유비,50000
128하2697,지출/정비,동대문점,박영훈,,,,,,27리터,2026-07-27,주유비,50000
128하2697,지출/정비,동대문점,유진희,,,,,,사비,2026-08-05,주유비,10000
128하2697,지출/정비,동대문점,박영훈,,,,,,27리터,2026-08-07,주유비,50000