ID,카테고리,인사말
1,활기찬 아침,"상쾌한 아침 공기처럼 기분 좋은 일만 가득한 하루 되세요."
2,활기찬 아침,"따스한 햇살처럼 환하게 웃는 하루 보내시길 바랍니다."
3,활기찬 아침,"기분 좋은 설렘과 함께 활기찬 하루 시작하세요."
4,활기찬 아침,"오늘 하루, 발걸음 닿는 곳마다 행복이 가득하길 바랍니다."
5,활기찬 아침,"긍정의 에너지가 솟아나는 멋진 아침 맞이하세요."
6,활기찬 아침,"활짝 핀 꽃처럼 화사하고 예쁜 하루 보내세요."
7,활기찬 아침,"오늘 당신의 하루가 반짝반짝 빛나길 응원합니다."
8,활기찬 아침,"맑은 하늘만큼 상쾌하고 가벼운 마음으로 출발하세요."
9,활기찬 아침,"힘찬 발걸음으로 기분 좋은 하루 시작하시길 바랍니다."
10,활기찬 아침,"향긋한 모닝커피처럼 마음이 따뜻해지는 아침 되세요."
11,활기찬 아침,"싱그러운 바람처럼 기분 좋은 미소가 머무는 날 되세요."
12,활기찬 아침,"오늘 하루도 좋은 기운 듬뿍 받아 힘차게 달려보세요."
13,활기찬 아침,"새로운 오늘, 기분 좋은 일들만 줄지어 찾아오길 바랍니다."
14,활기찬 아침,"가벼운 발걸음으로 산뜻하게 출발하는 하루 되세요."
15,활기찬 아침,"오늘의 시작이 기쁨과 행운으로 채워지길 바랍니다."
16,활기찬 아침,"웃음으로 문을 여는 기분 좋은 아침 되세요."
17,활기찬 아침,"오늘 만나는 모든 풍경이 당신에게 위로와 힘이 되길 바랍니다."
18,활기찬 아침,"비타민처럼 상큼하고 활기 넘치는 하루 보내세요."
19,활기찬 아침,"눈부신 햇살만큼 당신의 오늘 하루도 눈부시길 바랍니다."
20,활기찬 아침,"아침의 설렘이 하루 종일 이어지는 행복한 날 되세요."
21,응원과 긍정,"오늘 하루도 당신의 멋진 능력을 마음껏 펼쳐보세요."
22,응원과 긍정,"언제나처럼 잘 해낼 당신을 힘차게 응원합니다."
23,응원과 긍정,"사소한 일에도 기분 좋게 웃을 수 있는 여유로운 하루 되세요."
24,응원과 긍정,"마음먹은 대로, 생각한 대로 술술 풀리는 하루 보내세요."
25,응원과 긍정,"긍정적인 생각 한 조각으로 하루 전체를 행복하게 물들여보세요."
26,응원과 긍정,"지치지 않는 에너지와 웃음이 함께하는 하루 되시길 바랍니다."
27,응원과 긍정,"당신의 밝은 미소가 주변을 따뜻하게 만드는 하루가 될 거예요."
28,응원과 긍정,"작은 성공들이 모여 큰 성취를 이루는 멋진 날 되세요."
29,응원과 긍정,"오늘 마주할 모든 도전들이 보람찬 기쁨으로 돌아오길 응원합니다."
30,응원과 긍정,"지친 일상 속에서도 반짝이는 기쁨을 발견하는 하루 되세요."
31,응원과 긍정,"스스로를 다정하게 안아주고 칭찬해 주는 따뜻한 하루 보내세요."
32,응원과 긍정,"당신이라는 존재 자체로 오늘 하루는 충분히 빛납니다."
33,응원과 긍정,"마음 가는 곳마다 기분 좋은 성취가 따르길 바랍니다."
34,응원과 긍정,"어떤 상황에서도 유쾌하게 웃어넘길 수 있는 여유가 함께하길 바라요."
35,응원과 긍정,"오늘 당신의 하루에 작은 기적 같은 행운이 깃들길 응원합니다."
36,응원과 긍정,"차근차근 나아가는 당신의 발걸음에 힘찬 박수를 보냅니다."
37,응원과 긍정,"기분 좋은 자신감으로 가득 채워지는 멋진 날 되세요."
38,응원과 긍정,"마음속 품은 열정이 빛을 발하는 보람찬 하루 보내세요."
39,응원과 긍정,"늘 고마운 당신, 오늘만큼은 세상에서 가장 행복한 하루 되세요."
40,응원과 긍정,"언제나 든든한 당신의 오늘 하루가 무탈하고 평온하길 바랍니다."
41,여유와 힐링,"바쁜 일상 속에서도 따뜻한 차 한 잔의 여유를 즐기는 하루 되세요."
42,여유와 힐링,"마음의 쉼표 하나 찍고 한결 편안하게 보내는 하루 되시길 바랍니다."
43,여유와 힐링,"파란 하늘 한 번 올려다볼 수 있는 여유 가득한 날 보내세요."
44,여유와 힐링,"마음에 잔잔한 평화와 따스한 온기가 가득한 하루 되세요."
45,여유와 힐링,"복잡한 생각은 털어내고 가벼운 마음으로 채우는 날 되세요."
46,여유와 힐링,"좋아하는 음악과 함께 기분 좋게 흥얼거리는 하루 보내세요."
47,여유와 힐링,"포근한 바람처럼 마음을 어루만져 주는 따뜻한 날 되시길 바랍니다."
48,여유와 힐링,"잠시 숨을 고르고 나만의 속도로 걷는 편안한 하루 되세요."
49,여유와 힐링,"작은 풀꽃 하나에도 미소 지을 수 있는 다정한 하루 보내세요."
50,여유와 힐링,"마음에 쌓인 피로는 날리고 상쾌한 쉼이 함께하길 바랍니다."
51,여유와 힐링,"부드러운 온기처럼 기분 좋은 편안함이 머무는 하루 되세요."
52,여유와 힐링,"아무런 걱정 없이 마음 편히 웃을 수 있는 날 되시길 바랍니다."
53,여유와 힐링,"오늘 하루는 서두르지 말고 한 걸음 쉬어가도 괜찮습니다."
54,여유와 힐링,"고요하고 아늑한 휴식 같은 기분 좋은 하루 보내세요."
55,여유와 힐링,"마음이 머무는 자리에 늘 따뜻한 위로가 있길 바랍니다."
56,여유와 힐링,"초록빛 싱그러움처럼 지친 마음에 쉼을 주는 하루 되세요."
57,여유와 힐링,"복잡한 일들은 잠시 내려두고 나 자신을 챙기는 하루 되세요."
58,여유와 힐링,"마음속에 잔잔한 행복의 물결이 일렁이는 날 되시길 바랍니다."
59,여유와 힐링,"온전히 나만을 위한 편안한 시간도 꼭 챙기는 하루 보내세요."
60,여유와 힐링,"소소하지만 확실한 기쁨들이 하루를 따뜻하게 채워주길 바랍니다."
61,일상의 행복,"뜻밖의 선물처럼 기분 좋은 우연이 찾아오는 하루 되세요."
62,일상의 행복,"오늘 마주치는 모든 인연들과 따뜻한 미소를 나누는 날 되세요."
63,일상의 행복,"맛있는 음식과 함께 오감이 즐거운 행복한 하루 보내세요."
64,일상의 행복,"지나가는 길에 마주친 풍경 하나도 기분 좋은 선물이 되길 바랍니다."
65,일상의 행복,"하루의 끝에서 '오늘 참 좋았다'고 말할 수 있는 날 되세요."
66,일상의 행복,"무심코 지나친 곳에서 반가운 행운을 발견하는 하루 되시길 바라요."
67,일상의 행복,"매 순간마다 미소 지을 일이 하나씩 더해지는 날 되세요."
68,일상의 행복,"평범한 일상이 특별한 감동으로 변하는 멋진 하루 보내세요."
69,일상의 행복,"사랑하는 사람들과 기분 좋은 대화를 나누는 따뜻한 날 되세요."
70,일상의 행복,"오늘 하루 당신에게 전해지는 다정한 말 한마디가 큰 힘이 되길 바랍니다."
71,일상의 행복,"기분 좋은 설렘으로 두근거리는 하루 보내시길 응원합니다."
72,일상의 행복,"마음이 닿는 곳마다 행복의 꽃이 피어나는 하루 되세요."
73,일상의 행복,"예상치 못한 반가운 소식이 찾아오는 기분 좋은 날 되세요."
74,일상의 행복,"당신이 걷는 모든 길에 행복한 추억이 새겨지길 바랍니다."
75,일상의 행복,"소소한 유머 하나에도 크게 웃을 수 있는 유쾌한 날 되세요."
76,일상의 행복,"오늘 마주하는 모든 순간이 당신에게 따뜻한 온기가 되길 바라요."
77,일상의 행복,"마음에 드는 풍경, 좋은 노래와 함께하는 기분 좋은 하루 되세요."
78,일상의 행복,"누군가의 따뜻한 배려로 마음이 훈훈해지는 하루 보내시길 바랍니다."
79,일상의 행복,"하루를 돌아보았을 때 빙그레 미소 짓게 되는 멋진 날 되세요."
80,일상의 행복,"일상의 소소한 순간들이 모여 큰 행복을 만들어가는 하루 되세요."
81,오후 및 마무리,"나른한 오후, 시원한 활력과 함께 기분 전환하는 시간 되세요."
82,오후 및 마무리,"맑고 청명한 하늘처럼 티 없이 맑고 상쾌한 오후 보내세요."
83,오후 및 마무리,"남은 하루도 기분 좋은 리듬에 맞춰 경쾌하게 마무리하세요."
84,오후 및 마무리,"오늘 하루 흘린 땀방울이 보람찬 결실로 맺어지길 바랍니다."
85,오후 및 마무리,"저녁 노을처럼 포근하고 낭만 가득한 시간 보내세요."
86,오후 및 마무리,"지친 하루의 끝, 수고한 나를 다정하게 토닥여주는 저녁 되세요."
87,오후 및 마무리,"기분 좋은 피로감과 함께 꿀처럼 달콤한 휴식 취하세요."
88,오후 및 마무리,"오늘 하루도 고생 많으셨습니다. 따뜻하고 편안한 밤 맞이하세요."
89,오후 및 마무리,"사계절의 아름다움처럼 다채로운 행복이 가득한 하루 보내세요."
90,오후 및 마무리,"계절의 향기를 느끼며 마음에 여유를 채우는 멋진 날 되세요."
91,오후 및 마무리,"오후의 나른함을 날려줄 시원한 웃음이 함께하길 바랍니다."
92,오후 및 마무리,"하루의 피로를 싹 씻어내고 온전한 평온을 누리는 시간 되세요."
93,오후 및 마무리,"오늘 하루도 참 잘 해내셨습니다. 기분 좋은 뿌듯함을 느껴보세요."
94,오후 및 마무리,"밤하늘의 별처럼 반짝이는 꿈을 꾸는 편안한 밤 되시길 바랍니다."
95,오후 및 마무리,"하루의 마지막 순간까지 미소가 머무는 행복한 시간 되세요."
96,오후 및 마무리,"포근한 집에서 사랑하는 이들과 온기를 나누는 저녁 보내세요."
97,오후 및 마무리,"고단했던 하루를 내려놓고 마음 깊이 쉬어가는 밤 되시길 바라요."
98,오후 및 마무리,"내일의 더 큰 희망을 기대하며 오늘을 기분 좋게 매듭지으세요."
99,오후 및 마무리,"오늘 하루도 감사와 기쁨으로 가득 채워졌기를 바랍니다."
100,오후 및 마무리,"오늘 하루 정말 수고 많으셨습니다. 내일은 더 좋은 일이 기다릴 거예요."